"term","estimate","std.error","statistic","p.value"
"(Intercept)",68.7916117311341,0.22946558617142,299.790538872979,0
"dentists",0.930243627394071,0.0518468117365644,17.9421568315652,0.000000000000000000000000000000000000000000000000000000000000000144470590540725
"medics",-0.0441707307333637,0.0134241831603945,-3.29038498697494,0.00102699837030178
"nursesMid",0.044093287323639,0.00387000446681754,11.3936011448324,0.0000000000000000000000000000952173632708394
